"Type","Name","Short description","Description","Regular price","Categories","Images"
"simple","Eucerin Hyaluron-Filler 3x Effect Soin de Nuit 50ml","Soin de nuit anti-âge qui comble les rides et régénère la peau pendant le sommeil.","Le soin de nuit Eucerin Hyaluron-Filler 3x Effect agit toute la nuit pour combler les rides et lisser la peau. Sa formule associe de l'acide hyaluronique de haut et de bas poids moléculaire pour combler les rides en surface et en profondeur, de la saponine qui stimule la production naturelle d'acide hyaluronique, et de l'enoxolone qui en réduit la dégradation. Enrichi en dexpanthénol concentré, il soutient le processus de régénération cutanée nocturne. Au réveil, la peau paraît plus jeune, plus lisse et reposée. Convient à tous les types de peau.","324","Eucerin > Anti-Âge (Hyaluron-Filler)","https://int.eucerin.com/products/hyaluron-filler/night-cream"
"simple","Eucerin Hyaluron-Filler Soin Contour des Yeux 15ml","Soin contour des yeux à l'acide hyaluronique qui comble les rides et défatigue le regard.","Le soin contour des yeux Eucerin Hyaluron-Filler est spécialement formulé pour la zone délicate du contour de l'œil. Grâce à l'acide hyaluronique de haut et de bas poids moléculaire, il hydrate intensément et comble visiblement les rides et ridules. La saponine stimule la production naturelle d'acide hyaluronique tandis que l'enoxolone en ralentit la dégradation. Le regard paraît plus lisse, reposé et défatigué. Sa texture légère pénètre rapidement et convient à une application sous le maquillage.","280","Eucerin > Anti-Âge (Hyaluron-Filler)","https://www.eucerin.fr/nos-produits/eucerin-hyaluron-filler-3x-effect/contour-des-yeux-spf-15"
"simple","Eucerin DermoPure Gel Nettoyant Purifiant","Gel nettoyant sans savon pour peaux mixtes à grasses et à tendance acnéique.","Le Gel Nettoyant Eucerin DermoPure élimine en douceur l'excès de sébum, les impuretés et les résidus de maquillage sans dessécher la peau. Sa formule sans savon, à pH neutre pour la peau, nettoie efficacement les peaux mixtes à grasses et à tendance acnéique tout en respectant le film hydrolipidique. Utilisé quotidiennement matin et soir, il prépare la peau à recevoir les soins purifiants et laisse le teint net, frais et matifié. Testé dermatologiquement, il convient également aux peaux traitées contre l'acné.","164","Eucerin > Peaux à Imperfections (DermoPure)","https://www.eucerin.fr/nos-produits/eucerin-dermopure"
"simple","Eucerin DermoPure Gommage Exfoliant Visage 100ml","Gommage à l'acide lactique qui désobstrue les pores et affine le grain de peau.","Le Gommage Eucerin DermoPure est enrichi en micro-particules exfoliantes et en acide lactique. Il désobstrue les pores, aide à combattre les points noirs et les imperfections et affine le grain de peau. L'acide lactique hydrate la peau et favorise l'élimination des cellules mortes accumulées en surface. Sans savon et conçu pour un usage régulier, il exfolie avec efficacité et douceur. Idéal pour les peaux mixtes à grasses, à imperfections et à tendance acnéique, il est très bien toléré.","141","Eucerin > Peaux à Imperfections (DermoPure)","https://www.eucerin.fr/nos-produits/dermopure-clinical/gommage"
"simple","Eucerin UreaRepair Plus Crème Pieds 10% d'Urée 100ml","Soin intensif pour pieds très secs et rugueux, à 10% d'urée et lactate.","La Crème Pieds Eucerin UreaRepair Plus 10% d'Urée est un soin intensif spécialement conçu pour les pieds secs à très secs, rugueux et gercés. Sa formule enrichie en urée et lactate offre une triple action : elle apaise instantanément les sensations de tiraillement, assouplit les zones durcies (callosités, cornes) et hydrate durablement dès les premières applications. L'association d'urée et d'acide lactique favorise l'élimination des cellules mortes et stimule la régénération cutanée, accélérant la réparation des talons crevassés. La peau des pieds redevient souple et lisse.","112","Eucerin > Peaux Sèches (UreaRepair)","https://www.eucerin.fr/nos-produits/eucerin-uree/creme-pieds-10-pourcent-uree"
"simple","Eucerin UreaRepair Plus Crème Visage 5% d'Urée 50ml","Soin visage hydratant pour peaux sèches à très sèches, à 5% d'urée.","La Crème Visage Eucerin UreaRepair Plus 5% d'Urée procure une hydratation intense et durable aux peaux sèches à très sèches et rugueuses du visage. Sa formule associe l'urée, des lactates et d'autres Facteurs Naturels d'Hydratation (NMF) qui fixent l'eau dans la peau, ainsi que des céramides qui renforcent la barrière cutanée. Elle réduit les sensations de tiraillement et de rugosité et prévient le dessèchement. Sa texture riche pénètre rapidement sans effet gras. Testée dermatologiquement, elle convient à un usage quotidien.","126","Eucerin > Peaux Sèches (UreaRepair)","https://www.eucerin.fr/nos-produits/eucerin-uree"
"simple","Eucerin Sun Sensitive Protect Fluide Matifiant Visage SPF50+ 50ml","Fluide solaire visage matifiant, très haute protection SPF50+, peaux normales à mixtes.","Le Fluide Matifiant Visage Eucerin Sun Sensitive Protect SPF50+ offre une très haute protection UVA/UVB grâce à un système de filtres avancé associé à la technologie Advanced Spectral. Sa formule légère à toucher sec matifie immédiatement la peau et régule les brillances, pour un fini non gras idéal sous le maquillage. Enrichi en Licochalcone A, un puissant antioxydant, il protège les cellules cutanées contre le stress oxydatif et prévient le vieillissement prématuré induit par le soleil. Adapté aux peaux normales à mixtes et sensibles au soleil.","165","Eucerin > Solaire (Sun)","https://www.eucerin.fr/nos-produits/eucerin-sun-protection/sun-protection-sensitive-protect-fluid-matifiant-50plus"
"simple","Eucerin Sun Sensitive Protect Crème Visage SPF50+ 50ml","Crème solaire visage très haute protection SPF50+ pour peaux normales à sèches.","La Crème Visage Eucerin Sun Sensitive Protect SPF50+ protège la peau contre le photovieillissement et l'hyperpigmentation induits par le soleil. Sa formule offre une protection très élevée grâce à des filtres UVA/UVB efficaces et stables, stimule les processus naturels de réparation des cellules cutanées grâce à l'acide glycyrrhétinique et protège les cellules grâce à la Licochalcone A, un puissant antioxydant. Sa texture crème hydratante convient particulièrement aux peaux normales à sèches et sensibles. Non grasse, elle pénètre rapidement.","185","Eucerin > Solaire (Sun)","https://www.eucerin.fr/nos-produits/eucerin-sun-protection/sun-protection-sensitive-protect-creme-50plus"
"simple","Eucerin Sun Photoaging Control CC Crème Teintée Visage SPF50+ 50ml","Soin solaire teinté anti-photovieillissement, SPF50+, unifie le teint.","La CC Crème Teintée Eucerin Sun Photoaging Control SPF50+ associe une très haute protection solaire à une couvrance légère qui unifie le teint. Sa formule offre une protection UVA/UVB avancée et est enrichie en acide hyaluronique et en Licochalcone A pour lutter activement contre les signes du photovieillissement (rides, taches, perte de fermeté). Les pigments teintés apportent une couleur naturelle et un fini soigné sans effet masque. Idéale au quotidien, elle protège la peau tout en camouflant les imperfections pour un teint homogène et lumineux.","215","Eucerin > Solaire (Sun)","https://www.eucerin.fr/nos-produits/eucerin-sun-protection/oil-control-teinte-medium-spf-50plus"
"simple","Eucerin Sun Sensitive Protect Kids Spray SPF50+ 200ml","Spray solaire très haute protection SPF50+ pour la peau sensible des enfants.","Le Spray Kids Eucerin Sun Sensitive Protect SPF50+ est spécialement conçu pour protéger la peau sensible des enfants contre les coups de soleil et les dommages UV à long terme. Sa formule offre une très haute protection UVA/UVB et une protection cellulaire biologique grâce à la Licochalcone A. Sans parfum, sans colorant et sans paraben, elle est très résistante à l'eau et hypoallergénique. Le spray s'applique facilement et de manière uniforme, même sur peau humide. Convient aux enfants dès l'âge de 3 mois.","239","Eucerin > Solaire (Sun)","https://www.eucerin.fr/nos-produits/eucerin-sun-protection/sun-protection-sensitive-protect-kids-spray-50plus"
"simple","Eucerin Sun Sensitive Protect Spray Transparent Dry Touch SPF50 200ml","Spray solaire transparent toucher sec, haute protection SPF50, sans traces blanches.","Le Spray Transparent Eucerin Sun Sensitive Protect Dry Touch SPF50 offre une haute protection UVA/UVB avec une texture ultra-légère qui ne laisse aucune trace blanche. Sa formule transparente à toucher sec s'applique instantanément sous tous les angles, sèche rapidement et ne colle pas. Enrichie en Licochalcone A, elle protège les cellules cutanées du stress oxydatif induit par le soleil. Résistante à l'eau et non grasse, elle est idéale pour le corps sur les peaux normales à grasses et sensibles au soleil.","183","Eucerin > Solaire (Sun)","https://www.eucerin.fr/nos-produits/eucerin-sun-protection/sun-protection-sensitive-protect-spray-50plus"
"simple","Eucerin Sun Oil Control Gel-Crème Toucher Sec SPF50+ 50ml","Gel-crème solaire visage matifiant anti-brillance pour peaux grasses à imperfections.","Le Gel-Crème Eucerin Sun Oil Control Toucher Sec SPF50+ est idéal pour les peaux grasses et à tendance acnéique. Sa formule ultra-légère intègre la technologie Oil Control avec la L-Carnitine et des micro-pigments absorbants qui régulent le sébum, pour un fini toucher sec immédiat et un effet anti-brillance longue durée (jusqu'à 8h). Il offre une très haute protection UVA/UVB ainsi qu'une défense contre la lumière HEVIS et soutient les mécanismes naturels de réparation de l'ADN cutané grâce à la Licochalcone A. Non comédogène et résistant à l'eau.","199","Eucerin > Solaire (Sun)","https://www.eucerin.fr/nos-produits/eucerin-sun-protection/sun-protection-oil-control-gel-creme-50plus"
"simple","Eucerin AtopiControl Huile de Bain et Douche 400ml","Huile lavante relipidante pour peaux sèches, irritées et à tendance atopique.","L'Huile de Bain et Douche Eucerin AtopiControl nettoie et apaise en douceur la peau sèche, irritée et à tendance atopique. Sa formule à base d'huiles riches en lipides (Oméga 3 et 6) nettoie sans dessécher et protège la peau du dessèchement, même en cas de lavages fréquents. Elle limite les sensations de tiraillement et de démangeaison et laisse la peau souple et confortable. Sans parfum, sans colorant, elle convient à toute la famille, adultes, enfants et nourrissons, pour un usage quotidien.","189","Eucerin > Peaux Atopiques (AtopiControl)","https://www.eucerin.fr/nos-produits/eucerin-atopi-control"
"simple","Eucerin AtopiControl Crème Calmante Intensive 40ml","Soin SOS anti-démangeaisons pour les poussées de peau atopique très sèche.","La Crème Calmante Intensive Eucerin AtopiControl est un soin intensif qui améliore significativement l'état de la peau lors des poussées de sécheresse sévère. Sa formule associe un complexe unique d'actifs aux propriétés apaisantes, antibactériennes, rafraîchissantes et anti-démangeaisons, à des huiles concentrées en lipides (Oméga 3 et 6) et en céramides. Elle procure un soulagement immédiat des sensations de démangeaison et d'inconfort et aide à restaurer la barrière cutanée. Non grasse, elle s'applique localement sur les zones irritées autant que nécessaire.","179","Eucerin > Peaux Atopiques (AtopiControl)","https://www.eucerin.fr/nos-produits/eucerin-atopi-control"
"simple","Eucerin AtopiControl Crème Visage Apaisante 50ml","Soin visage relipidant et apaisant pour peaux sèches à tendance atopique.","La Crème Visage Eucerin AtopiControl est un soin quotidien conçu pour la peau du visage sèche, sujette aux rougeurs et à tendance atopique. Sa formule enrichie en Céramides, en huiles végétales riches en Oméga (pépins de raisin) et en Licochalcone A nourrit intensément, renforce la barrière cutanée et apaise les sensations d'inconfort. La peau est relipidée, plus souple et plus résistante face aux agressions extérieures. Sans parfum et bien tolérée, elle convient à un usage quotidien matin et soir.","107","Eucerin > Peaux Atopiques (AtopiControl)","https://www.eucerin.fr/nos-produits/eucerin-atopi-control"
"simple","Eucerin Anti-Rougeurs Soin de Jour Correcteur Teinté SPF25 50ml","Soin de jour teinté vert qui neutralise et corrige les rougeurs, SPF25.","Le Soin de Jour Correcteur Eucerin Anti-Rougeurs SPF25 est spécialement développé pour les peaux sujettes aux rougeurs et hypersensibles. Sa formule associe deux actifs : le SymSitive, qui apaise les sensations d'inconfort et augmente le seuil de tolérance de la peau, et la Licochalcone A, qui réduit les rougeurs et calme la peau. Ses pigments verts correcteurs neutralisent instantanément les rougeurs visibles pour un teint unifié. Doté d'un SPF25 et d'une protection UVA, il protège la peau au quotidien. Sans parfum, sans alcool et sans conservateur.","197","Eucerin > Peaux Sensibles / Anti-Rougeurs","https://www.fr.eucerin.be/nos-produits/hypersensitive-skin/antirougeurs-soin-de-jour-correcteur-spf-25"
"simple","Eucerin UltraSensible Soin Apaisant Peaux Sèches 50ml","Soin de jour apaisant à texture riche pour peaux sensibles, sèches à très sèches.","Le Soin Apaisant Eucerin UltraSensible pour peaux sèches est un soin de jour conçu pour les peaux sensibles, sèches à très sèches, réactives et facilement irritées. Sa formule minimaliste et bien tolérée est enrichie en SymSitive, un actif breveté qui apaise instantanément les sensations d'inconfort et renforce le seuil de tolérance de la peau. Sa texture riche hydrate durablement, réduit les tiraillements et laisse la peau apaisée, souple et confortable. Sans parfum, sans colorant et sans paraben, testé sous contrôle dermatologique.","190","Eucerin > Peaux Sensibles / Anti-Rougeurs","https://www.eucerin.fr/nos-produits/eucerin-peau-sensible"
"simple","Eucerin Hyaluron-Filler 3x Effect Soin de Jour Peaux Sèches SPF15 50ml","Soin de jour anti-âge à l'acide hyaluronique pour peaux sèches, SPF15.","Le Soin de Jour Eucerin Hyaluron-Filler 3x Effect pour peaux sèches comble visiblement les rides et hydrate intensément tout au long de la journée. Sa formule associe de l'acide hyaluronique de haut et de bas poids moléculaire pour combler les rides en surface et en profondeur, de la saponine qui stimule la production naturelle d'acide hyaluronique et de l'enoxolone qui en réduit la dégradation. Sa texture enrichie apporte confort et nutrition aux peaux sèches, tandis que le SPF15 protège des UV et prévient le photovieillissement. La peau paraît repulpée, lisse et éclatante.","324.02","Eucerin > Anti-Âge (Hyaluron-Filler)","https://www.eucerin.fr/nos-produits/eucerin-hyaluron-filler-3x-effect"
"simple","Eucerin AtopiControl Baume Émollient Corps 400ml","Baume relipidant quotidien pour peaux très sèches et à tendance atopique.","Le Baume Émollient Corps Eucerin AtopiControl est un soin relipidant quotidien pour les peaux sèches à très sèches et à tendance atopique. Sa formule huile-dans-eau associe des Céramides, des huiles végétales riches en Oméga 3 et 6 (pépins de raisin) et de la Licochalcone A pour nourrir intensément, renforcer la barrière cutanée et apaiser les démangeaisons. Sa texture légère et non grasse pénètre rapidement et procure une sensation de confort immédiat. Utilisé régulièrement, il améliore durablement l'état de la peau. Sans parfum, adapté à toute la famille.","165","Eucerin > Peaux Atopiques (AtopiControl)","https://www.eucerin.fr/nos-produits/eucerin-atopi-control/baume-400ml"
"simple","Eucerin UreaRepair Plus Crème Mains 5% d'Urée 75ml","Crème mains réparatrice pour peaux très sèches et abîmées, à 5% d'urée.","La Crème Mains Eucerin UreaRepair Plus 5% d'Urée est une formule dermo-cosmétique développée pour les mains très sèches, rugueuses et abîmées. Enrichie en urée et lactate, elle hydrate en profondeur, répare la barrière cutanée et procure un soulagement immédiat des tiraillements. Elle aide à maintenir la souplesse de la peau face aux agressions mécaniques et environnementales quotidiennes (lavages fréquents, froid). Sa texture pénètre rapidement et laisse les mains douces et lisses, sans effet gras. Idéale pour un usage aussi fréquent que nécessaire.","79","Eucerin > Peaux Sèches (UreaRepair)","https://www.eucerin.fr/nos-produits/eucerin-uree"
"simple","Eucerin Sun Sensitive Protect Spray Corps SPF50+ 200ml","Spray solaire corps très haute protection SPF50+ pour peaux sensibles.","Le Spray Corps Eucerin Sun Sensitive Protect SPF50+ offre une très haute protection UVA/UVB au corps. Sa formule légère et non grasse s'applique facilement et uniformément grâce à son format spray et pénètre rapidement sans coller. Enrichie en Licochalcone A, un puissant antioxydant, elle protège les cellules cutanées contre le stress oxydatif induit par le soleil et prévient le vieillissement prématuré de la peau. Résistante à l'eau, elle convient aux peaux normales et sensibles au soleil. Sans parfum et bien tolérée.","187.33","Eucerin > Solaire (Sun)","https://www.eucerin.fr/nos-produits/eucerin-sun-protection/sun-protection-sensitive-protect-spray-50plus"
"simple","Eucerin AquaPorin Active Crème Hydratante SPF25 Tous Types de Peaux 50ml","Soin hydratant visage 24h avec protection solaire SPF25, tous types de peaux.","La Crème Hydratante Eucerin AquaPorin Active SPF25 procure une hydratation intense pendant 24h tout en protégeant la peau des rayons UV. Sa formule contient du Gluco-Glycérol, un actif qui stimule le réseau naturel d'aquaporines de la peau (les canaux de distribution de l'eau), pour une hydratation optimale de l'intérieur, ainsi que du fragment d'acide hyaluronique. Le SPF25 protège la peau des UVA/UVB et prévient le photovieillissement. Sa texture veloutée pénètre rapidement et laisse la peau souple, lisse et éclatante. Convient à tous les types de peaux.","207","Eucerin > Hydratation (AquaPorin)","https://www.eucerin.fr/nos-produits/eucerin-aquaporin-active"
"simple","Eucerin Hyaluron-Filler + Elasticity Soin de Nuit 50ml","Soin de nuit anti-âge global : comble les rides, raffermit et corrige les taches.","Le Soin de Nuit Eucerin Hyaluron-Filler + Elasticity est un soin anti-âge global qui comble les rides profondes, améliore l'élasticité et réduit les taches liées à l'âge. L'association d'acide hyaluronique de haut et de bas poids moléculaire repulpe les rides profondes, tandis que le dexpanthénol favorise la régénération nocturne de la peau. Le complexe Collagène-Élastine, associant Arctiine et Créatine, redynamise la production de collagène et augmente l'élasticité. Enfin, le Thiamidol, actif breveté par Eucerin, réduit l'apparence des taches pigmentaires. La peau paraît plus ferme, lisse et unifiée au réveil.","377","Eucerin > Anti-Âge (Hyaluron-Filler)","https://www.eucerin.fr/nos-produits/hyaluron-filler-elasticity/soin-de-nuit"
"simple","Eucerin AquaPorin Active Soin Hydratant Riche Peaux Sèches 40ml","Soin hydratant visage à texture riche pour peaux sèches et sensibles.","Le Soin Hydratant Riche Eucerin AquaPorin Active est spécialement conçu pour les peaux sèches. Sa formule enrichie en Gluco-Glycérol stimule le système naturel d'hydratation de la peau en augmentant le nombre d'aquaporines, ces canaux qui distribuent l'eau au cœur des cellules, pour une hydratation intense pendant 24h. Sa texture riche et onctueuse nourrit et apaise les peaux sèches, réduit les sensations de tiraillement et laisse la peau souple, douce et éclatante. Sans parfum, sa formule est compatible avec les peaux sensibles. À appliquer matin et soir.","210.98","Eucerin > Hydratation (AquaPorin)","https://www.eucerin.fr/nos-produits/eucerin-aquaporin-active/creme-hydratante-legere"
"simple","Eucerin UreaRepair Plus Lait Corps Réparateur 5% d'Urée 400ml","Lait corps hydratant réparateur pour peaux sèches à très sèches, à 5% d'urée.","Le Lait Corps Eucerin UreaRepair Plus 5% d'Urée procure une hydratation intense et durable (48h) aux peaux sèches à très sèches du corps. Sa formule associe l'urée, des lactates, de la glycérine et d'autres Facteurs Naturels d'Hydratation (NMF) qui fixent l'eau dans la peau, ainsi que des Céramides qui renforcent la barrière cutanée et limitent la perte d'eau. Elle apaise les sensations de tiraillement, réduit la rugosité et prévient le dessèchement. Sa texture fluide pénètre rapidement sans effet collant. Testé dermatologiquement, idéal pour un usage quotidien.","234","Eucerin > Peaux Sèches (UreaRepair)","https://www.eucerin.fr/nos-produits/eucerin-uree"
"simple","Eucerin pH5 Gel Lavant Peaux Sensibles 400ml","Gel lavant sans savon pour peaux sèches et sensibles, corps et mains.","Le Gel Lavant Eucerin pH5 nettoie tout en douceur les peaux sèches et sensibles du corps et des mains, sans savon. Sa formule au système pH5 (tampon citrate) renforce la fonction barrière de la peau, protège ses défenses naturelles et prévient le dessèchement, la rendant moins sensible et plus résistante. Sa mousse légère et son pH physiologique respectent le film hydrolipidique et laissent une agréable sensation de peau douce et souple. Testé cliniquement et dermatologiquement, il convient à toute la famille, y compris les peaux sujettes aux allergies, pour un usage quotidien.","182","Eucerin > Hygiène & Nettoyage (pH5)","https://www.fr.eucerin.be/nos-produits/ph5/gel-lavant-eucerin-ph5"
"simple","Eucerin UreaRepair Plus Lait Corps Réparateur 10% d'Urée 250ml","Lait corps réparation intensive pour peaux très sèches et rugueuses, à 10% d'urée.","Le Lait Corps Eucerin UreaRepair Plus 10% d'Urée est un soin réparateur intensif pour les peaux très sèches, rugueuses et squameuses (jambes, coudes, genoux). Sa concentration élevée en urée, associée aux lactates, à la glycérine, aux Céramides et aux Facteurs Naturels d'Hydratation, offre une hydratation intense et durable jusqu'à 48h. L'action kératolytique de l'urée et de l'acide lactique lisse les zones rugueuses et favorise le renouvellement cellulaire. La peau retrouve souplesse et confort dès les premières applications. Sa texture fluide pénètre vite, sans effet gras.","205","Eucerin > Peaux Sèches (UreaRepair)","https://www.eucerin.fr/nos-produits/eucerin-uree"
"simple","Eucerin Aquaphor Baume Réparateur Cutané","Baume réparateur multi-usages pour peaux sèches, gercées et irritées.","Le Baume Réparateur Aquaphor Eucerin est une formule sans eau qui répare, protège et apaise la peau sèche à très sèche, craquelée et irritée. Il forme une barrière semi-occlusive douce à la surface de la peau, qui favorise le transfert naturel de vapeur d'eau et d'oxygène et crée un environnement idéal pour la régénération cutanée. Enrichi en glycérine et en panthénol, et composé de peu d'ingrédients, il est très bien toléré par les peaux sensibles. Il convient aux bébés, aux enfants et aux adultes, ainsi qu'aux peaux fragilisées après des soins dermatologiques superficiels (laser, peelings). Usage multiple : lèvres gercées, mains, coudes, zones irritées.","94","Eucerin > Réparateur (Aquaphor)","https://www.eucerin.fr/nos-produits/eucerin-aquaphor/baume-reparateur-cutane-40g"
